INSERT INTO Etudiant(NUMETU, NOM, PRENOM, DATENAISS, RUE, CP, VILLE) VALUES (110, 'Dupont', 'Albert', '1980-06-01', 'Rue de Crimée', '69001', 'Lyon');
INSERT INTO Etudiant(NUMETU, NOM, PRENOM, DATENAISS, RUE, CP, VILLE) VALUES (222, 'West', 'James', '1983-09-03', 'Studio', '', 'Hollywood');
INSERT INTO Etudiant(NUMETU, NOM, PRENOM, DATENAISS, RUE, CP, VILLE) VALUES (300, 'Martin', 'Marie', '1988-06-05', 'Rue des Acacias', '69130', 'Ecully');
INSERT INTO Etudiant(NUMETU, NOM, PRENOM, DATENAISS, RUE, CP, VILLE) VALUES (421, 'Durand', 'Gaston', '1980-11-15', 'Rue de la Meuse', '69008', 'Lyon');
INSERT INTO Etudiant(NUMETU, NOM, PRENOM, DATENAISS, RUE, CP, VILLE) VALUES (575, 'Titgoutte', 'Justine', '1985-02-28', 'Rue du Château', '69630', 'Chaponost');
INSERT INTO Etudiant(NUMETU, NOM, PRENOM, DATENAISS, RUE, CP, VILLE) VALUES (667, 'Dupond', 'Noémie', '1987-09-18', 'Rue de Dôle', '69007', 'Lyon');
INSERT INTO Etudiant(NUMETU, NOM, PRENOM, DATENAISS, RUE, CP, VILLE) VALUES (999, 'Phantom', 'Marcel', '1960-01-030', NULL, NULL, NULL);

INSERT INTO Matiere(CODEMAT, LIBELLE, COEF) VALUES ('STA','Statistique', 0.4);
INSERT INTO Matiere(CODEMAT, LIBELLE, COEF) VALUES ('INF','Informatique', 0.4);
INSERT INTO Matiere(CODEMAT, LIBELLE, COEF) VALUES ('ECO','Econométrie', 0.2);

INSERT INTO Epreuve(NUMEPREUVE, DATEPREUVE, LIEU, CODEMAT) VALUES (11031,'2003-12-15', 'Salle 191L', 'STA');
INSERT INTO Epreuve(NUMEPREUVE, DATEPREUVE, LIEU, CODEMAT) VALUES (11032,'2004-04-01', 'Amphi G', 'STA');
INSERT INTO Epreuve(NUMEPREUVE, DATEPREUVE, LIEU, CODEMAT) VALUES (21031,'2003-10-30', 'Salle 191L', 'INF');
INSERT INTO Epreuve(NUMEPREUVE, DATEPREUVE, LIEU, CODEMAT) VALUES (21032,'2004-06-01', 'Salle 192L', 'INF');
INSERT INTO Epreuve(NUMEPREUVE, DATEPREUVE, LIEU, CODEMAT) VALUES (31030,'2004-06-02', 'Salle 05R', 'ECO');

INSERT INTO Notation(NUMETU, NUMEPREUVE, NOTE) VALUES (110,11031,10);
INSERT INTO Notation(NUMETU, NUMEPREUVE, NOTE) VALUES (110,11032,11.5);
INSERT INTO Notation(NUMETU, NUMEPREUVE, NOTE) VALUES (110,21031,8.5);
INSERT INTO Notation(NUMETU, NUMEPREUVE, NOTE) VALUES (110,21032, NULL);
INSERT INTO Notation(NUMETU, NUMEPREUVE, NOTE) VALUES (110,31030,13);

INSERT INTO Notation(NUMETU, NUMEPREUVE, NOTE) VALUES (222,11031,9);
INSERT INTO Notation(NUMETU, NUMEPREUVE, NOTE) VALUES (222,11032,14);
INSERT INTO Notation(NUMETU, NUMEPREUVE, NOTE) VALUES (222,21031,12);
INSERT INTO Notation(NUMETU, NUMEPREUVE, NOTE) VALUES (222,21032,16);
INSERT INTO Notation(NUMETU, NUMEPREUVE, NOTE) VALUES (222,31030,20);

INSERT INTO Notation(NUMETU, NUMEPREUVE, NOTE) VALUES (300,11031,14);
INSERT INTO Notation(NUMETU, NUMEPREUVE, NOTE) VALUES (300,11032,20);
INSERT INTO Notation(NUMETU, NUMEPREUVE, NOTE) VALUES (300,21031,20);
INSERT INTO Notation(NUMETU, NUMEPREUVE, NOTE) VALUES (300,21032,13.5);
INSERT INTO Notation(NUMETU, NUMEPREUVE, NOTE) VALUES (300,31030,16);

INSERT INTO Notation(NUMETU, NUMEPREUVE, NOTE) VALUES (421,11031,5.5);
INSERT INTO Notation(NUMETU, NUMEPREUVE, NOTE) VALUES (421,11032,7);
INSERT INTO Notation(NUMETU, NUMEPREUVE, NOTE) VALUES (421,21031,1.5);
INSERT INTO Notation(NUMETU, NUMEPREUVE, NOTE) VALUES (421,21032,NULL);
INSERT INTO Notation(NUMETU, NUMEPREUVE, NOTE) VALUES (421,31030,10);

INSERT INTO Notation(NUMETU, NUMEPREUVE, NOTE) VALUES (575,11031,13);
INSERT INTO Notation(NUMETU, NUMEPREUVE, NOTE) VALUES (575,11032,9);
INSERT INTO Notation(NUMETU, NUMEPREUVE, NOTE) VALUES (575,21031,12.5);
INSERT INTO Notation(NUMETU, NUMEPREUVE, NOTE) VALUES (575,21032,14);
INSERT INTO Notation(NUMETU, NUMEPREUVE, NOTE) VALUES (575,31030,7);

INSERT INTO Notation(NUMETU, NUMEPREUVE, NOTE) VALUES (667,11031,16);
INSERT INTO Notation(NUMETU, NUMEPREUVE, NOTE) VALUES (667,11032,20);
INSERT INTO Notation(NUMETU, NUMEPREUVE, NOTE) VALUES (667,21031,8.5);
INSERT INTO Notation(NUMETU, NUMEPREUVE, NOTE) VALUES (667,21032,9.5);
INSERT INTO Notation(NUMETU, NUMEPREUVE, NOTE) VALUES (667,31030,NULL);
